[
    {
        "id":"T2b764eb8-7b5c-4e86-a119-d10734dfcc77",
        "location":"3rd Floor, Acropolis Mall 1858 Rajdanga Main Road, Beside Geetanjali stadium, Kolkata, West Bengal 700107, India",
        "name":"Cinepolis: Acropolis Mall, Kolkata"
    },
    {
        "id":"Tb38ca66e-f538-4cbc-bd9f-f8365c0b2213",
        "location":"76, Ganesh Chandra Avenue, Bow Bazaar, Dharmatala, Near Chandni Chowk Metro Station, Kolkata, West Bengal 700013, India",
        "name":"Hind INOX: Kolkata"
    },
    {
        "id":"T82326e44-37b4-4e10-8b63-41904a6eacc8",
        "location":"City Centre, DC Block I, Sector-1, City Center Mall, Kolkata, West Bengal 700020, India",
        "name":"INOX: City Center, Salt Lake"
    }
]